category,title,content
fashion,Running Shoes,"Lightweight running shoes designed for speed, comfort, and endurance. Breathable mesh construction keeps feet cool during long runs."
fashion,Sneakers,"Modern lifestyle sneakers that combine urban fashion with everyday comfort. Perfect for casual wear and active lifestyles."
fashion,Athletic Apparel,"Performance-focused sportswear built with moisture-wicking fabric and ergonomic design."
fashion,Premium Footwear,"High-quality materials and precision craftsmanship deliver durability and premium comfort."
electronics,Smart Watch,"Advanced smartwatch with fitness tracking, health monitoring, and seamless smartphone connectivity."
electronics,Wireless Earbuds,"Premium audio experience with noise cancellation and all-day battery life."
beauty,Skin Care,"Hydrating skincare products designed to nourish and rejuvenate the skin."
beauty,Beauty Essentials,"Professional-grade beauty products that enhance confidence and personal care."
home,Furniture,"Modern furniture crafted for comfort, aesthetics, and long-term durability."
home,Home Decor,"Stylish decorative pieces that elevate living spaces with elegance and personality."
travel,Luggage,"Durable and lightweight travel luggage designed for convenience and reliability."
travel,Adventure Gear,"Equipment engineered for outdoor adventures and active exploration."
food,Healthy Snacks,"Nutritious snacks made from natural ingredients for balanced energy throughout the day."
food,Coffee Products,"Premium coffee blends delivering rich flavor and exceptional aroma."
automotive,Electric Vehicles,"Innovative electric mobility solutions combining sustainability and performance."
automotive,Luxury Cars,"Premium automotive engineering delivering exceptional comfort, technology, and prestige."
electronics,Smartphone,"Flagship smartphone featuring advanced camera technology, powerful performance, and premium design."
electronics,Laptop,"High-performance laptop designed for productivity, creativity, and seamless multitasking."
electronics,Tablet,"Portable tablet combining entertainment, productivity, and versatility."
electronics,Gaming Headset,"Immersive gaming headset delivering crystal-clear audio and long-lasting comfort."
electronics,Bluetooth Speaker,"Portable speaker offering powerful sound and wireless convenience."
electronics,Power Bank,"Reliable portable charging solution designed for modern mobile lifestyles."
electronics,Mechanical Keyboard,"Premium keyboard engineered for precision, speed, and durability."
electronics,Monitor,"Ultra-clear display designed for productivity, gaming, and professional workflows."

fashion,Formal Shoes,"Elegant formal footwear crafted for sophistication, comfort, and timeless style."
fashion,Casual Shoes,"Versatile casual shoes designed for everyday comfort and modern fashion."
fashion,Boots,"Durable boots combining rugged performance with premium style."
fashion,Jackets,"Stylish outerwear engineered for comfort, protection, and versatility."
fashion,T-Shirts,"Premium quality apparel designed for everyday comfort and effortless style."
fashion,Hoodies,"Comfortable hoodies combining warmth, fashion, and functionality."
fashion,Sportswear,"Performance apparel featuring breathable materials and ergonomic design."
fashion,Backpack,"Modern backpack offering durability, storage, and everyday convenience."

beauty,Face Serum,"Advanced skincare serum formulated to hydrate, brighten, and revitalize skin."
beauty,Moisturizer,"Daily moisturizer designed to nourish and protect healthy skin."
beauty,Sunscreen,"Broad-spectrum sunscreen providing effective protection from UV exposure."
beauty,Perfume,"Premium fragrance crafted to deliver a memorable and sophisticated scent."
beauty,Hair Care,"Professional hair care products supporting strength, shine, and nourishment."
beauty,Luxury Perfume,"Exclusive fragrance blending elegance, refinement, and long-lasting appeal."
beauty,Cosmetics,"Beauty products designed to enhance confidence and personal expression."

home,Office Chair,"Ergonomic office chair engineered for productivity and all-day comfort."
home,Sofa,"Modern sofa combining style, comfort, and durability."
home,Dining Table,"Elegant dining furniture designed for functionality and family gatherings."
home,Kitchen Appliances,"Reliable appliances enhancing convenience and efficiency in modern kitchens."
home,Smart Home Devices,"Connected home technology improving comfort, security, and automation."
home,Mattress,"Premium mattress designed for restorative sleep and long-term comfort."

travel,Travel Backpack,"Durable backpack designed for travel, organization, and mobility."
travel,Carry-On Luggage,"Compact luggage optimized for convenience and efficient travel."
travel,Travel Accessories,"Essential accessories enhancing comfort and organization during travel."
travel,Outdoor Adventure Gear,"Rugged equipment engineered for exploration and outdoor experiences."
travel,Camping Equipment,"Reliable camping products designed for comfort and adventure."

food,Coffee Beans,"Premium coffee beans delivering exceptional aroma and rich flavor."
food,Energy Drink,"Refreshing beverage formulated to support energy and focus."
food,Protein Shake,"Nutritional beverage supporting recovery, performance, and wellness."
food,Organic Snacks,"Healthy snacks crafted from natural and wholesome ingredients."
food,Tea Collection,"Premium tea blends offering flavor, relaxation, and wellness benefits."

automotive,SUV,"Versatile sport utility vehicle designed for comfort, safety, and performance."
automotive,Sports Car,"High-performance vehicle delivering speed, innovation, and driving excitement."
automotive,Motorcycle,"Modern motorcycle engineered for power, agility, and freedom."
automotive,Electric SUV,"Sustainable electric vehicle combining performance and advanced technology."
automotive,Car Accessories,"Automotive accessories enhancing comfort, functionality, and style."

sports,Football,"Professional football equipment designed for performance and competitive play."
sports,Football Boots,"Lightweight football boots engineered for speed and ball control."
sports,Basketball,"High-performance basketball gear built for movement and confidence."
sports,Basketball Shoes,"Responsive basketball shoes providing support and traction."
sports,Cricket Equipment,"Premium cricket gear crafted for precision and performance."
sports,Cricket Bat,"Professional-grade cricket bat delivering power and consistency."
sports,Tennis Racket,"Advanced tennis racket engineered for control and power."
sports,Tennis Shoes,"Court-ready footwear designed for stability and comfort."
sports,Sportswear,"Performance sportswear featuring breathable fabrics and moisture management."
sports,Running Gear,"Lightweight running equipment optimized for endurance and comfort."
sports,Cycling Equipment,"Innovative cycling gear designed for speed and safety."
sports,Mountain Bike,"Durable mountain bike built for adventure and rugged terrain."
sports,Swimming Gear,"Professional swimming equipment engineered for performance."
sports,Gym Bag,"Versatile gym bag offering durability and modern athletic style."
sports,Fitness Apparel,"Athletic clothing designed for movement and flexibility."

fitness,Gym Equipment,"Professional-grade fitness equipment engineered for strength training."
fitness,Treadmill,"Advanced treadmill featuring smart tracking and customizable workouts."
fitness,Yoga Mat,"Comfortable yoga mat providing stability, grip, and support."
fitness,Fitness Tracker,"Wearable tracker designed to monitor activity and wellness."
fitness,Protein Supplements,"Nutritional supplements supporting recovery and muscle growth."
fitness,Dumbbells,"Strength training equipment built for versatility and performance."
fitness,Resistance Bands,"Portable fitness tools designed for effective full-body workouts."

luxury,Designer Watch,"Luxury timepiece crafted with premium materials and precision engineering."
luxury,Premium Handbag,"Elegant handbag combining sophisticated design and craftsmanship."
luxury,Diamond Jewelry,"Exquisite jewelry celebrating elegance and timeless beauty."
luxury,Luxury Resort,"World-class hospitality experience delivering comfort and exclusivity."
luxury,Premium Lifestyle Products,"Luxury goods designed to elevate everyday experiences."